province,period,sales_count,sale_type
Türkiye,2013-01-01,92594,toplam
Türkiye,2013-02-01,93757,toplam
Türkiye,2013-03-01,103357,toplam
Türkiye,2013-04-01,100759,toplam
Türkiye,2013-05-01,109363,toplam
Türkiye,2013-06-01,102471,toplam
Türkiye,2013-07-01,112910,toplam
Türkiye,2013-08-01,89589,toplam
Türkiye,2013-09-01,107841,toplam
Türkiye,2013-10-01,80961,toplam
Türkiye,2013-11-01,109455,toplam
Türkiye,2013-12-01,123932,toplam
Türkiye,2014-01-01,93777,toplam
Türkiye,2014-02-01,87515,toplam
Türkiye,2014-03-01,93045,toplam
Türkiye,2014-04-01,89012,toplam
Türkiye,2014-05-01,95337,toplam
Türkiye,2014-06-01,99021,toplam
Türkiye,2014-07-01,90707,toplam
Türkiye,2014-08-01,112147,toplam
Türkiye,2014-09-01,123358,toplam
Türkiye,2014-10-01,102083,toplam
Türkiye,2014-11-01,110397,toplam
Türkiye,2014-12-01,144515,toplam
Türkiye,2015-01-01,91891,toplam
Türkiye,2015-02-01,101459,toplam
Türkiye,2015-03-01,120664,toplam
Türkiye,2015-04-01,124185,toplam
Türkiye,2015-05-01,112337,toplam
Türkiye,2015-06-01,115386,toplam
Türkiye,2015-07-01,100342,toplam
Türkiye,2015-08-01,116928,toplam
Türkiye,2015-09-01,96351,toplam
Türkiye,2015-10-01,108144,toplam
Türkiye,2015-11-01,110554,toplam
Türkiye,2015-12-01,151081,toplam
Türkiye,2016-01-01,88231,toplam
Türkiye,2016-02-01,107060,toplam
Türkiye,2016-03-01,124044,toplam
Türkiye,2016-04-01,112238,toplam
Türkiye,2016-05-01,120555,toplam
Türkiye,2016-06-01,112122,toplam
Türkiye,2016-07-01,85345,toplam
Türkiye,2016-08-01,120460,toplam
Türkiye,2016-09-01,116019,toplam
Türkiye,2016-10-01,138268,toplam
Türkiye,2016-11-01,140685,toplam
Türkiye,2016-12-01,152008,toplam
Türkiye,2017-01-01,100023,toplam
Türkiye,2017-02-01,107065,toplam
Türkiye,2017-03-01,135987,toplam
Türkiye,2017-04-01,120361,toplam
Türkiye,2017-05-01,122262,toplam
Türkiye,2017-06-01,102615,toplam
Türkiye,2017-07-01,122198,toplam
Türkiye,2017-08-01,127135,toplam
Türkiye,2017-09-01,153521,toplam
Türkiye,2017-10-01,130679,toplam
Türkiye,2017-11-01,130250,toplam
Türkiye,2017-12-01,140990,toplam
Türkiye,2018-01-01,103160,toplam
Türkiye,2018-02-01,101596,toplam
Türkiye,2018-03-01,116770,toplam
Türkiye,2018-04-01,109186,toplam
Türkiye,2018-05-01,128963,toplam
Türkiye,2018-06-01,126737,toplam
Türkiye,2018-07-01,131346,toplam
Türkiye,2018-08-01,111390,toplam
Türkiye,2018-09-01,135772,toplam
Türkiye,2018-10-01,160582,toplam
Türkiye,2018-11-01,95953,toplam
Türkiye,2018-12-01,146783,toplam
Türkiye,2019-01-01,77161,toplam
Türkiye,2019-02-01,83504,toplam
Türkiye,2019-03-01,114693,toplam
Türkiye,2019-04-01,103869,toplam
Türkiye,2019-05-01,97424,toplam
Türkiye,2019-06-01,64807,toplam
Türkiye,2019-07-01,107730,toplam
Türkiye,2019-08-01,116390,toplam
Türkiye,2019-09-01,155387,toplam
Türkiye,2019-10-01,154353,toplam
Türkiye,2019-11-01,148187,toplam
Türkiye,2019-12-01,215558,toplam
Türkiye,2020-01-01,120066,toplam
Türkiye,2020-02-01,125409,toplam
Türkiye,2020-03-01,114796,toplam
Türkiye,2020-04-01,45218,toplam
Türkiye,2020-05-01,55205,toplam
Türkiye,2020-06-01,204034,toplam
Türkiye,2020-07-01,244133,toplam
Türkiye,2020-08-01,181464,toplam
Türkiye,2020-09-01,145448,toplam
Türkiye,2020-10-01,127809,toplam
Türkiye,2020-11-01,125196,toplam
Türkiye,2020-12-01,119522,toplam
Türkiye,2021-01-01,75603,toplam
Türkiye,2021-02-01,88020,toplam
Türkiye,2021-03-01,120415,toplam
Türkiye,2021-04-01,102219,toplam
Türkiye,2021-05-01,65497,toplam
Türkiye,2021-06-01,145247,toplam
Türkiye,2021-07-01,115264,toplam
Türkiye,2021-08-01,151033,toplam
Türkiye,2021-09-01,157819,toplam
Türkiye,2021-10-01,152228,toplam
Türkiye,2021-11-01,192820,toplam
Türkiye,2021-12-01,243396,toplam
Türkiye,2022-01-01,93118,toplam
Türkiye,2022-02-01,103437,toplam
Türkiye,2022-03-01,145698,toplam
Türkiye,2022-04-01,150843,toplam
Türkiye,2022-05-01,132420,toplam
Türkiye,2022-06-01,161684,toplam
Türkiye,2022-07-01,99646,toplam
Türkiye,2022-08-01,131713,toplam
Türkiye,2022-09-01,124030,toplam
Türkiye,2022-10-01,127049,toplam
Türkiye,2022-11-01,130513,toplam
Türkiye,2022-12-01,225623,toplam
Türkiye,2023-01-01,102927,toplam
Türkiye,2023-02-01,84396,toplam
Türkiye,2023-03-01,111322,toplam
Türkiye,2023-04-01,92607,toplam
Türkiye,2023-05-01,133287,toplam
Türkiye,2023-06-01,90118,toplam
Türkiye,2023-07-01,117058,toplam
Türkiye,2023-08-01,132124,toplam
Türkiye,2023-09-01,110810,toplam
Türkiye,2023-10-01,106183,toplam
Türkiye,2023-11-01,100579,toplam
Türkiye,2023-12-01,148724,toplam
Türkiye,2024-01-01,84801,toplam
Türkiye,2024-02-01,99558,toplam
Türkiye,2024-03-01,111345,toplam
Türkiye,2024-04-01,80276,toplam
Türkiye,2024-05-01,118926,toplam
Türkiye,2024-06-01,82924,toplam
Türkiye,2024-07-01,132426,toplam
Türkiye,2024-08-01,139411,toplam
Türkiye,2024-09-01,146557,toplam
Türkiye,2024-10-01,171619,toplam
Türkiye,2024-11-01,159805,toplam
Türkiye,2024-12-01,222112,toplam
Türkiye,2025-01-01,117025,toplam
Türkiye,2025-02-01,117586,toplam
Türkiye,2025-03-01,115788,toplam
Türkiye,2025-04-01,123569,toplam
Türkiye,2025-05-01,135664,toplam
Türkiye,2025-06-01,112196,toplam
Türkiye,2025-07-01,148939,toplam
Türkiye,2025-08-01,149440,toplam
Türkiye,2025-09-01,156918,toplam
Türkiye,2025-10-01,170955,toplam
Türkiye,2025-11-01,146989,toplam
Türkiye,2025-12-01,265223,toplam
Türkiye,2026-01-01,111480,toplam
Türkiye,2026-02-01,124549,toplam
Türkiye,2026-03-01,113367,toplam
Türkiye,2026-04-01,126808,toplam
İstanbul,2013-01-01,20538,toplam
İstanbul,2013-02-01,21310,toplam
İstanbul,2013-03-01,24341,toplam
İstanbul,2013-04-01,23213,toplam
İstanbul,2013-05-01,24731,toplam
İstanbul,2013-06-01,22264,toplam
İstanbul,2013-07-01,23139,toplam
İstanbul,2013-08-01,16886,toplam
İstanbul,2013-09-01,20723,toplam
İstanbul,2013-10-01,16821,toplam
İstanbul,2013-11-01,23849,toplam
İstanbul,2013-12-01,27503,toplam
İstanbul,2014-01-01,20337,toplam
İstanbul,2014-02-01,19360,toplam
İstanbul,2014-03-01,20164,toplam
İstanbul,2014-04-01,19736,toplam
İstanbul,2014-05-01,20490,toplam
İstanbul,2014-06-01,22031,toplam
İstanbul,2014-07-01,19716,toplam
İstanbul,2014-08-01,20084,toplam
İstanbul,2014-09-01,24003,toplam
İstanbul,2014-10-01,20260,toplam
İstanbul,2014-11-01,22590,toplam
İstanbul,2014-12-01,31808,toplam
İstanbul,2015-01-01,19071,toplam
İstanbul,2015-02-01,20602,toplam
İstanbul,2015-03-01,23852,toplam
İstanbul,2015-04-01,25492,toplam
İstanbul,2015-05-01,23598,toplam
İstanbul,2015-06-01,23868,toplam
İstanbul,2015-07-01,18769,toplam
İstanbul,2015-08-01,20680,toplam
İstanbul,2015-09-01,17738,toplam
İstanbul,2015-10-01,20118,toplam
İstanbul,2015-11-01,21933,toplam
İstanbul,2015-12-01,29900,toplam
İstanbul,2016-01-01,17152,toplam
İstanbul,2016-02-01,19892,toplam
İstanbul,2016-03-01,24678,toplam
İstanbul,2016-04-01,21814,toplam
İstanbul,2016-05-01,24015,toplam
İstanbul,2016-06-01,22815,toplam
İstanbul,2016-07-01,13270,toplam
İstanbul,2016-08-01,19405,toplam
İstanbul,2016-09-01,19026,toplam
İstanbul,2016-10-01,23709,toplam
İstanbul,2016-11-01,25119,toplam
İstanbul,2016-12-01,28232,toplam
İstanbul,2017-01-01,17514,toplam
İstanbul,2017-02-01,20137,toplam
İstanbul,2017-03-01,25592,toplam
İstanbul,2017-04-01,22456,toplam
İstanbul,2017-05-01,22565,toplam
İstanbul,2017-06-01,20012,toplam
İstanbul,2017-07-01,20695,toplam
İstanbul,2017-08-01,20937,toplam
İstanbul,2017-09-01,26553,toplam
İstanbul,2017-10-01,23316,toplam
İstanbul,2017-11-01,22509,toplam
İstanbul,2017-12-01,25888,toplam
İstanbul,2018-01-01,18638,toplam
İstanbul,2018-02-01,18405,toplam
İstanbul,2018-03-01,21048,toplam
İstanbul,2018-04-01,19453,toplam
İstanbul,2018-05-01,22591,toplam
İstanbul,2018-06-01,23184,toplam
İstanbul,2018-07-01,22185,toplam
İstanbul,2018-08-01,17247,toplam
İstanbul,2018-09-01,23287,toplam
İstanbul,2018-10-01,31474,toplam
İstanbul,2018-11-01,18147,toplam
İstanbul,2018-12-01,30297,toplam
İstanbul,2019-01-01,15386,toplam
İstanbul,2019-02-01,16530,toplam
İstanbul,2019-03-01,22069,toplam
İstanbul,2019-04-01,19706,toplam
İstanbul,2019-05-01,19376,toplam
İstanbul,2019-06-01,11310,toplam
İstanbul,2019-07-01,19265,toplam
İstanbul,2019-08-01,17800,toplam
İstanbul,2019-09-01,26118,toplam
İstanbul,2019-10-01,27889,toplam
İstanbul,2019-11-01,28428,toplam
İstanbul,2019-12-01,44987,toplam
İstanbul,2020-01-01,23918,toplam
İstanbul,2020-02-01,25434,toplam
İstanbul,2020-03-01,22365,toplam
İstanbul,2020-04-01,7020,toplam
İstanbul,2020-05-01,8597,toplam
İstanbul,2020-06-01,32450,toplam
İstanbul,2020-07-01,44407,toplam
İstanbul,2020-08-01,33965,toplam
İstanbul,2020-09-01,28372,toplam
İstanbul,2020-10-01,24834,toplam
İstanbul,2020-11-01,23917,toplam
İstanbul,2020-12-01,23262,toplam
İstanbul,2021-01-01,15130,toplam
İstanbul,2021-02-01,17761,toplam
İstanbul,2021-03-01,24660,toplam
İstanbul,2021-04-01,21378,toplam
İstanbul,2021-05-01,13070,toplam
İstanbul,2021-06-01,29122,toplam
İstanbul,2021-07-01,21334,toplam
İstanbul,2021-08-01,27332,toplam
İstanbul,2021-09-01,31743,toplam
İstanbul,2021-10-01,29785,toplam
İstanbul,2021-11-01,36347,toplam
İstanbul,2021-12-01,44447,toplam
İstanbul,2022-01-01,16969,toplam
İstanbul,2022-02-01,20882,toplam
İstanbul,2022-03-01,26959,toplam
İstanbul,2022-04-01,29976,toplam
İstanbul,2022-05-01,24859,toplam
İstanbul,2022-06-01,31521,toplam
İstanbul,2022-07-01,16024,toplam
İstanbul,2022-08-01,20572,toplam
İstanbul,2022-09-01,21240,toplam
İstanbul,2022-10-01,19506,toplam
İstanbul,2022-11-01,22553,toplam
İstanbul,2022-12-01,41529,toplam
İstanbul,2023-01-01,19393,toplam
İstanbul,2023-02-01,16696,toplam
İstanbul,2023-03-01,20166,toplam
İstanbul,2023-04-01,15572,toplam
İstanbul,2023-05-01,21176,toplam
İstanbul,2023-06-01,15460,toplam
İstanbul,2023-07-01,17736,toplam
İstanbul,2023-08-01,19880,toplam
İstanbul,2023-09-01,17267,toplam
İstanbul,2023-10-01,16856,toplam
İstanbul,2023-11-01,17017,toplam
İstanbul,2023-12-01,26424,toplam
İstanbul,2024-01-01,15002,toplam
İstanbul,2024-02-01,18118,toplam
İstanbul,2024-03-01,21046,toplam
İstanbul,2024-04-01,13867,toplam
İstanbul,2024-05-01,21326,toplam
İstanbul,2024-06-01,14534,toplam
İstanbul,2024-07-01,21107,toplam
İstanbul,2024-08-01,21644,toplam
İstanbul,2024-09-01,23677,toplam
İstanbul,2024-10-01,27534,toplam
İstanbul,2024-11-01,29270,toplam
İstanbul,2024-12-01,39346,toplam
İstanbul,2025-01-01,21013,toplam
İstanbul,2025-02-01,21481,toplam
İstanbul,2025-03-01,22118,toplam
İstanbul,2025-04-01,20795,toplam
İstanbul,2025-05-01,24593,toplam
İstanbul,2025-06-01,19554,toplam
İstanbul,2025-07-01,25685,toplam
İstanbul,2025-08-01,24331,toplam
İstanbul,2025-09-01,26715,toplam
İstanbul,2025-10-01,29003,toplam
İstanbul,2025-11-01,26773,toplam
İstanbul,2025-12-01,48392,toplam
İstanbul,2026-01-01,20412,toplam
İstanbul,2026-02-01,23294,toplam
İstanbul,2026-03-01,21665,toplam
İstanbul,2026-04-01,23852,toplam
Ankara,2013-01-01,11914,toplam
Ankara,2013-02-01,12090,toplam
Ankara,2013-03-01,12962,toplam
Ankara,2013-04-01,12678,toplam
Ankara,2013-05-01,13421,toplam
Ankara,2013-06-01,12362,toplam
Ankara,2013-07-01,13187,toplam
Ankara,2013-08-01,10272,toplam
Ankara,2013-09-01,12851,toplam
Ankara,2013-10-01,8744,toplam
Ankara,2013-11-01,12959,toplam
Ankara,2013-12-01,13073,toplam
Ankara,2014-01-01,10517,toplam
Ankara,2014-02-01,9624,toplam
Ankara,2014-03-01,11165,toplam
Ankara,2014-04-01,9568,toplam
Ankara,2014-05-01,10483,toplam
Ankara,2014-06-01,10921,toplam
Ankara,2014-07-01,9950,toplam
Ankara,2014-08-01,12476,toplam
Ankara,2014-09-01,13515,toplam
Ankara,2014-10-01,11095,toplam
Ankara,2014-11-01,12170,toplam
Ankara,2014-12-01,15657,toplam
Ankara,2015-01-01,10150,toplam
Ankara,2015-02-01,11721,toplam
Ankara,2015-03-01,14077,toplam
Ankara,2015-04-01,13849,toplam
Ankara,2015-05-01,12777,toplam
Ankara,2015-06-01,12732,toplam
Ankara,2015-07-01,10655,toplam
Ankara,2015-08-01,13118,toplam
Ankara,2015-09-01,9767,toplam
Ankara,2015-10-01,11022,toplam
Ankara,2015-11-01,11310,toplam
Ankara,2015-12-01,16077,toplam
Ankara,2016-01-01,8926,toplam
Ankara,2016-02-01,10578,toplam
Ankara,2016-03-01,12794,toplam
Ankara,2016-04-01,11735,toplam
Ankara,2016-05-01,11312,toplam
Ankara,2016-06-01,11710,toplam
Ankara,2016-07-01,8012,toplam
Ankara,2016-08-01,12309,toplam
Ankara,2016-09-01,11701,toplam
Ankara,2016-10-01,14668,toplam
Ankara,2016-11-01,15641,toplam
Ankara,2016-12-01,16035,toplam
Ankara,2017-01-01,10695,toplam
Ankara,2017-02-01,11321,toplam
Ankara,2017-03-01,15038,toplam
Ankara,2017-04-01,13405,toplam
Ankara,2017-05-01,12644,toplam
Ankara,2017-06-01,10155,toplam
Ankara,2017-07-01,11773,toplam
Ankara,2017-08-01,12855,toplam
Ankara,2017-09-01,14751,toplam
Ankara,2017-10-01,12416,toplam
Ankara,2017-11-01,14401,toplam
Ankara,2017-12-01,13184,toplam
Ankara,2018-01-01,9705,toplam
Ankara,2018-02-01,9755,toplam
Ankara,2018-03-01,11276,toplam
Ankara,2018-04-01,10378,toplam
Ankara,2018-05-01,12210,toplam
Ankara,2018-06-01,12293,toplam
Ankara,2018-07-01,12315,toplam
Ankara,2018-08-01,9399,toplam
Ankara,2018-09-01,11633,toplam
Ankara,2018-10-01,14149,toplam
Ankara,2018-11-01,7908,toplam
Ankara,2018-12-01,12466,toplam
Ankara,2019-01-01,6740,toplam
Ankara,2019-02-01,7603,toplam
Ankara,2019-03-01,10889,toplam
Ankara,2019-04-01,8972,toplam
Ankara,2019-05-01,9458,toplam
Ankara,2019-06-01,5451,toplam
Ankara,2019-07-01,9570,toplam
Ankara,2019-08-01,10736,toplam
Ankara,2019-09-01,15180,toplam
Ankara,2019-10-01,14373,toplam
Ankara,2019-11-01,14792,toplam
Ankara,2019-12-01,20767,toplam
Ankara,2020-01-01,12133,toplam
Ankara,2020-02-01,13526,toplam
Ankara,2020-03-01,12625,toplam
Ankara,2020-04-01,4612,toplam
Ankara,2020-05-01,5086,toplam
Ankara,2020-06-01,22290,toplam
Ankara,2020-07-01,27631,toplam
Ankara,2020-08-01,17862,toplam
Ankara,2020-09-01,12959,toplam
Ankara,2020-10-01,10938,toplam
Ankara,2020-11-01,11353,toplam
Ankara,2020-12-01,11141,toplam
Ankara,2021-01-01,6997,toplam
Ankara,2021-02-01,8292,toplam
Ankara,2021-03-01,11585,toplam
Ankara,2021-04-01,9465,toplam
Ankara,2021-05-01,5942,toplam
Ankara,2021-06-01,13730,toplam
Ankara,2021-07-01,10751,toplam
Ankara,2021-08-01,14158,toplam
Ankara,2021-09-01,14646,toplam
Ankara,2021-10-01,14310,toplam
Ankara,2021-11-01,17738,toplam
Ankara,2021-12-01,22024,toplam
Ankara,2022-01-01,8339,toplam
Ankara,2022-02-01,8537,toplam
Ankara,2022-03-01,13281,toplam
Ankara,2022-04-01,13506,toplam
Ankara,2022-05-01,11932,toplam
Ankara,2022-06-01,13716,toplam
Ankara,2022-07-01,7574,toplam
Ankara,2022-08-01,9971,toplam
Ankara,2022-09-01,9398,toplam
Ankara,2022-10-01,10252,toplam
Ankara,2022-11-01,10489,toplam
Ankara,2022-12-01,17664,toplam
Ankara,2023-01-01,8969,toplam
Ankara,2023-02-01,8355,toplam
Ankara,2023-03-01,12259,toplam
Ankara,2023-04-01,10282,toplam
Ankara,2023-05-01,12414,toplam
Ankara,2023-06-01,7566,toplam
Ankara,2023-07-01,9867,toplam
Ankara,2023-08-01,11307,toplam
Ankara,2023-09-01,9375,toplam
Ankara,2023-10-01,7932,toplam
Ankara,2023-11-01,7983,toplam
Ankara,2023-12-01,11791,toplam
Ankara,2024-01-01,6806,toplam
Ankara,2024-02-01,8422,toplam
Ankara,2024-03-01,9620,toplam
Ankara,2024-04-01,6333,toplam
Ankara,2024-05-01,10180,toplam
Ankara,2024-06-01,6928,toplam
Ankara,2024-07-01,11405,toplam
Ankara,2024-08-01,12548,toplam
Ankara,2024-09-01,13274,toplam
Ankara,2024-10-01,15360,toplam
Ankara,2024-11-01,15028,toplam
Ankara,2024-12-01,19491,toplam
Ankara,2025-01-01,10236,toplam
Ankara,2025-02-01,10857,toplam
Ankara,2025-03-01,10251,toplam
Ankara,2025-04-01,10978,toplam
Ankara,2025-05-01,12058,toplam
Ankara,2025-06-01,9492,toplam
Ankara,2025-07-01,12590,toplam
Ankara,2025-08-01,12534,toplam
Ankara,2025-09-01,13489,toplam
Ankara,2025-10-01,14786,toplam
Ankara,2025-11-01,12781,toplam
Ankara,2025-12-01,23418,toplam
Ankara,2026-01-01,10207,toplam
Ankara,2026-02-01,11407,toplam
Ankara,2026-03-01,10236,toplam
Ankara,2026-04-01,11680,toplam
İzmir,2013-01-01,5807,toplam
İzmir,2013-02-01,6052,toplam
İzmir,2013-03-01,6658,toplam
İzmir,2013-04-01,6594,toplam
İzmir,2013-05-01,6892,toplam
İzmir,2013-06-01,6827,toplam
İzmir,2013-07-01,7439,toplam
İzmir,2013-08-01,5396,toplam
İzmir,2013-09-01,6329,toplam
İzmir,2013-10-01,4856,toplam
İzmir,2013-11-01,6521,toplam
İzmir,2013-12-01,7303,toplam
İzmir,2014-01-01,5593,toplam
İzmir,2014-02-01,5395,toplam
İzmir,2014-03-01,6158,toplam
İzmir,2014-04-01,5542,toplam
İzmir,2014-05-01,6231,toplam
İzmir,2014-06-01,5742,toplam
İzmir,2014-07-01,5595,toplam
İzmir,2014-08-01,6125,toplam
İzmir,2014-09-01,7543,toplam
İzmir,2014-10-01,6108,toplam
İzmir,2014-11-01,6993,toplam
İzmir,2014-12-01,8954,toplam
İzmir,2015-01-01,5836,toplam
İzmir,2015-02-01,6269,toplam
İzmir,2015-03-01,7373,toplam
İzmir,2015-04-01,8133,toplam
İzmir,2015-05-01,6695,toplam
İzmir,2015-06-01,7789,toplam
İzmir,2015-07-01,6121,toplam
İzmir,2015-08-01,6832,toplam
İzmir,2015-09-01,5602,toplam
İzmir,2015-10-01,6398,toplam
İzmir,2015-11-01,6923,toplam
İzmir,2015-12-01,8878,toplam
İzmir,2016-01-01,5583,toplam
İzmir,2016-02-01,6861,toplam
İzmir,2016-03-01,8074,toplam
İzmir,2016-04-01,6994,toplam
İzmir,2016-05-01,7142,toplam
İzmir,2016-06-01,7123,toplam
İzmir,2016-07-01,5100,toplam
İzmir,2016-08-01,6816,toplam
İzmir,2016-09-01,6490,toplam
İzmir,2016-10-01,8341,toplam
İzmir,2016-11-01,8373,toplam
İzmir,2016-12-01,9439,toplam
İzmir,2017-01-01,5951,toplam
İzmir,2017-02-01,6693,toplam
İzmir,2017-03-01,8459,toplam
İzmir,2017-04-01,7615,toplam
İzmir,2017-05-01,7554,toplam
İzmir,2017-06-01,6420,toplam
İzmir,2017-07-01,6846,toplam
İzmir,2017-08-01,7347,toplam
İzmir,2017-09-01,8615,toplam
İzmir,2017-10-01,7748,toplam
İzmir,2017-11-01,7790,toplam
İzmir,2017-12-01,8522,toplam
İzmir,2018-01-01,6073,toplam
İzmir,2018-02-01,6252,toplam
İzmir,2018-03-01,7160,toplam
İzmir,2018-04-01,6779,toplam
İzmir,2018-05-01,7513,toplam
İzmir,2018-06-01,7336,toplam
İzmir,2018-07-01,6808,toplam
İzmir,2018-08-01,5453,toplam
İzmir,2018-09-01,6714,toplam
İzmir,2018-10-01,7862,toplam
İzmir,2018-11-01,5110,toplam
İzmir,2018-12-01,7412,toplam
İzmir,2019-01-01,3998,toplam
İzmir,2019-02-01,4787,toplam
İzmir,2019-03-01,7216,toplam
İzmir,2019-04-01,6161,toplam
İzmir,2019-05-01,5847,toplam
İzmir,2019-06-01,3517,toplam
İzmir,2019-07-01,5867,toplam
İzmir,2019-08-01,6415,toplam
İzmir,2019-09-01,9382,toplam
İzmir,2019-10-01,9653,toplam
İzmir,2019-11-01,8986,toplam
İzmir,2019-12-01,13040,toplam
İzmir,2020-01-01,7660,toplam
İzmir,2020-02-01,8209,toplam
İzmir,2020-03-01,7538,toplam
İzmir,2020-04-01,2690,toplam
İzmir,2020-05-01,3324,toplam
İzmir,2020-06-01,12449,toplam
İzmir,2020-07-01,16607,toplam
İzmir,2020-08-01,11739,toplam
İzmir,2020-09-01,8644,toplam
İzmir,2020-10-01,7231,toplam
İzmir,2020-11-01,7058,toplam
İzmir,2020-12-01,6307,toplam
İzmir,2021-01-01,4303,toplam
İzmir,2021-02-01,4994,toplam
İzmir,2021-03-01,7115,toplam
İzmir,2021-04-01,5922,toplam
İzmir,2021-05-01,3580,toplam
İzmir,2021-06-01,8044,toplam
İzmir,2021-07-01,6177,toplam
İzmir,2021-08-01,8160,toplam
İzmir,2021-09-01,9301,toplam
İzmir,2021-10-01,8823,toplam
İzmir,2021-11-01,11808,toplam
İzmir,2021-12-01,14224,toplam
İzmir,2022-01-01,5806,toplam
İzmir,2022-02-01,5915,toplam
İzmir,2022-03-01,8548,toplam
İzmir,2022-04-01,9134,toplam
İzmir,2022-05-01,7633,toplam
İzmir,2022-06-01,8732,toplam
İzmir,2022-07-01,5097,toplam
İzmir,2022-08-01,6768,toplam
İzmir,2022-09-01,6753,toplam
İzmir,2022-10-01,6383,toplam
İzmir,2022-11-01,6804,toplam
İzmir,2022-12-01,11484,toplam
İzmir,2023-01-01,5186,toplam
İzmir,2023-02-01,5290,toplam
İzmir,2023-03-01,6239,toplam
İzmir,2023-04-01,5344,toplam
İzmir,2023-05-01,6601,toplam
İzmir,2023-06-01,4332,toplam
İzmir,2023-07-01,5491,toplam
İzmir,2023-08-01,7112,toplam
İzmir,2023-09-01,5821,toplam
İzmir,2023-10-01,5597,toplam
İzmir,2023-11-01,5440,toplam
İzmir,2023-12-01,7584,toplam
İzmir,2024-01-01,4333,toplam
İzmir,2024-02-01,5545,toplam
İzmir,2024-03-01,6789,toplam
İzmir,2024-04-01,4557,toplam
İzmir,2024-05-01,6340,toplam
İzmir,2024-06-01,4508,toplam
İzmir,2024-07-01,6677,toplam
İzmir,2024-08-01,7216,toplam
İzmir,2024-09-01,7843,toplam
İzmir,2024-10-01,8979,toplam
İzmir,2024-11-01,8899,toplam
İzmir,2024-12-01,12086,toplam
İzmir,2025-01-01,6843,toplam
İzmir,2025-02-01,7125,toplam
İzmir,2025-03-01,7794,toplam
İzmir,2025-04-01,7257,toplam
İzmir,2025-05-01,8060,toplam
İzmir,2025-06-01,6144,toplam
İzmir,2025-07-01,8064,toplam
İzmir,2025-08-01,7867,toplam
İzmir,2025-09-01,8857,toplam
İzmir,2025-10-01,8986,toplam
İzmir,2025-11-01,8779,toplam
İzmir,2025-12-01,14308,toplam
İzmir,2026-01-01,6618,toplam
İzmir,2026-02-01,7250,toplam
İzmir,2026-03-01,7278,toplam
İzmir,2026-04-01,7215,toplam
Bursa,2013-01-01,3484,toplam
Bursa,2013-02-01,3291,toplam
Bursa,2013-03-01,3601,toplam
Bursa,2013-04-01,3724,toplam
Bursa,2013-05-01,3741,toplam
Bursa,2013-06-01,3696,toplam
Bursa,2013-07-01,4241,toplam
Bursa,2013-08-01,3114,toplam
Bursa,2013-09-01,3725,toplam
Bursa,2013-10-01,2858,toplam
Bursa,2013-11-01,4022,toplam
Bursa,2013-12-01,4536,toplam
Bursa,2014-01-01,3810,toplam
Bursa,2014-02-01,3405,toplam
Bursa,2014-03-01,3409,toplam
Bursa,2014-04-01,3353,toplam
Bursa,2014-05-01,3513,toplam
Bursa,2014-06-01,3527,toplam
Bursa,2014-07-01,3262,toplam
Bursa,2014-08-01,4025,toplam
Bursa,2014-09-01,4636,toplam
Bursa,2014-10-01,3790,toplam
Bursa,2014-11-01,4317,toplam
Bursa,2014-12-01,5450,toplam
Bursa,2015-01-01,3510,toplam
Bursa,2015-02-01,3707,toplam
Bursa,2015-03-01,4777,toplam
Bursa,2015-04-01,4954,toplam
Bursa,2015-05-01,4459,toplam
Bursa,2015-06-01,4260,toplam
Bursa,2015-07-01,3653,toplam
Bursa,2015-08-01,4441,toplam
Bursa,2015-09-01,3775,toplam
Bursa,2015-10-01,4070,toplam
Bursa,2015-11-01,4243,toplam
Bursa,2015-12-01,5393,toplam
Bursa,2016-01-01,3657,toplam
Bursa,2016-02-01,4222,toplam
Bursa,2016-03-01,5068,toplam
Bursa,2016-04-01,4318,toplam
Bursa,2016-05-01,4432,toplam
Bursa,2016-06-01,4364,toplam
Bursa,2016-07-01,3197,toplam
Bursa,2016-08-01,4585,toplam
Bursa,2016-09-01,4163,toplam
Bursa,2016-10-01,5078,toplam
Bursa,2016-11-01,5193,toplam
Bursa,2016-12-01,5987,toplam
Bursa,2017-01-01,4036,toplam
Bursa,2017-02-01,4155,toplam
Bursa,2017-03-01,5355,toplam
Bursa,2017-04-01,5068,toplam
Bursa,2017-05-01,5018,toplam
Bursa,2017-06-01,4051,toplam
Bursa,2017-07-01,4723,toplam
Bursa,2017-08-01,4969,toplam
Bursa,2017-09-01,6629,toplam
Bursa,2017-10-01,4554,toplam
Bursa,2017-11-01,4585,toplam
Bursa,2017-12-01,5294,toplam
Bursa,2018-01-01,3889,toplam
Bursa,2018-02-01,3961,toplam
Bursa,2018-03-01,4713,toplam
Bursa,2018-04-01,4834,toplam
Bursa,2018-05-01,4979,toplam
Bursa,2018-06-01,4484,toplam
Bursa,2018-07-01,4559,toplam
Bursa,2018-08-01,3769,toplam
Bursa,2018-09-01,4813,toplam
Bursa,2018-10-01,5934,toplam
Bursa,2018-11-01,3483,toplam
Bursa,2018-12-01,5361,toplam
Bursa,2019-01-01,2887,toplam
Bursa,2019-02-01,3188,toplam
Bursa,2019-03-01,4360,toplam
Bursa,2019-04-01,4293,toplam
Bursa,2019-05-01,3569,toplam
Bursa,2019-06-01,2412,toplam
Bursa,2019-07-01,3772,toplam
Bursa,2019-08-01,3825,toplam
Bursa,2019-09-01,5602,toplam
Bursa,2019-10-01,5858,toplam
Bursa,2019-11-01,5219,toplam
Bursa,2019-12-01,7643,toplam
Bursa,2020-01-01,4433,toplam
Bursa,2020-02-01,4641,toplam
Bursa,2020-03-01,3992,toplam
Bursa,2020-04-01,1665,toplam
Bursa,2020-05-01,1980,toplam
Bursa,2020-06-01,7531,toplam
Bursa,2020-07-01,9663,toplam
Bursa,2020-08-01,6819,toplam
Bursa,2020-09-01,5297,toplam
Bursa,2020-10-01,4516,toplam
Bursa,2020-11-01,4290,toplam
Bursa,2020-12-01,3859,toplam
Bursa,2021-01-01,2850,toplam
Bursa,2021-02-01,2974,toplam
Bursa,2021-03-01,4319,toplam
Bursa,2021-04-01,3650,toplam
Bursa,2021-05-01,2397,toplam
Bursa,2021-06-01,5551,toplam
Bursa,2021-07-01,3989,toplam
Bursa,2021-08-01,5117,toplam
Bursa,2021-09-01,5416,toplam
Bursa,2021-10-01,5174,toplam
Bursa,2021-11-01,6893,toplam
Bursa,2021-12-01,8673,toplam
Bursa,2022-01-01,3811,toplam
Bursa,2022-02-01,3507,toplam
Bursa,2022-03-01,5227,toplam
Bursa,2022-04-01,5359,toplam
Bursa,2022-05-01,4524,toplam
Bursa,2022-06-01,5511,toplam
Bursa,2022-07-01,3653,toplam
Bursa,2022-08-01,4587,toplam
Bursa,2022-09-01,4500,toplam
Bursa,2022-10-01,4491,toplam
Bursa,2022-11-01,4622,toplam
Bursa,2022-12-01,8047,toplam
Bursa,2023-01-01,3741,toplam
Bursa,2023-02-01,3206,toplam
Bursa,2023-03-01,3879,toplam
Bursa,2023-04-01,3220,toplam
Bursa,2023-05-01,4836,toplam
Bursa,2023-06-01,3181,toplam
Bursa,2023-07-01,4201,toplam
Bursa,2023-08-01,5050,toplam
Bursa,2023-09-01,4300,toplam
Bursa,2023-10-01,4004,toplam
Bursa,2023-11-01,3629,toplam
Bursa,2023-12-01,5152,toplam
Bursa,2024-01-01,3108,toplam
Bursa,2024-02-01,3824,toplam
Bursa,2024-03-01,4213,toplam
Bursa,2024-04-01,2775,toplam
Bursa,2024-05-01,4459,toplam
Bursa,2024-06-01,2977,toplam
Bursa,2024-07-01,4447,toplam
Bursa,2024-08-01,4685,toplam
Bursa,2024-09-01,5125,toplam
Bursa,2024-10-01,6044,toplam
Bursa,2024-11-01,5841,toplam
Bursa,2024-12-01,7783,toplam
Bursa,2025-01-01,4102,toplam
Bursa,2025-02-01,4050,toplam
Bursa,2025-03-01,4079,toplam
Bursa,2025-04-01,4276,toplam
Bursa,2025-05-01,4721,toplam
Bursa,2025-06-01,3658,toplam
Bursa,2025-07-01,5100,toplam
Bursa,2025-08-01,4938,toplam
Bursa,2025-09-01,5420,toplam
Bursa,2025-10-01,6179,toplam
Bursa,2025-11-01,5087,toplam
Bursa,2025-12-01,9097,toplam
Bursa,2026-01-01,3726,toplam
Bursa,2026-02-01,4166,toplam
Bursa,2026-03-01,3841,toplam
Bursa,2026-04-01,4498,toplam
Antalya,2013-01-01,4989,toplam
Antalya,2013-02-01,4727,toplam
Antalya,2013-03-01,5639,toplam
Antalya,2013-04-01,5189,toplam
Antalya,2013-05-01,5786,toplam
Antalya,2013-06-01,4664,toplam
Antalya,2013-07-01,5346,toplam
Antalya,2013-08-01,3947,toplam
Antalya,2013-09-01,4935,toplam
Antalya,2013-10-01,3962,toplam
Antalya,2013-11-01,5556,toplam
Antalya,2013-12-01,6187,toplam
Antalya,2014-01-01,5188,toplam
Antalya,2014-02-01,4607,toplam
Antalya,2014-03-01,4811,toplam
Antalya,2014-04-01,4898,toplam
Antalya,2014-05-01,5149,toplam
Antalya,2014-06-01,5076,toplam
Antalya,2014-07-01,4392,toplam
Antalya,2014-08-01,5203,toplam
Antalya,2014-09-01,6233,toplam
Antalya,2014-10-01,5175,toplam
Antalya,2014-11-01,5648,toplam
Antalya,2014-12-01,7117,toplam
Antalya,2015-01-01,4772,toplam
Antalya,2015-02-01,5266,toplam
Antalya,2015-03-01,6022,toplam
Antalya,2015-04-01,6313,toplam
Antalya,2015-05-01,5821,toplam
Antalya,2015-06-01,5891,toplam
Antalya,2015-07-01,4965,toplam
Antalya,2015-08-01,4977,toplam
Antalya,2015-09-01,4338,toplam
Antalya,2015-10-01,5046,toplam
Antalya,2015-11-01,5073,toplam
Antalya,2015-12-01,6834,toplam
Antalya,2016-01-01,4501,toplam
Antalya,2016-02-01,4713,toplam
Antalya,2016-03-01,5526,toplam
Antalya,2016-04-01,6211,toplam
Antalya,2016-05-01,5049,toplam
Antalya,2016-06-01,4859,toplam
Antalya,2016-07-01,3455,toplam
Antalya,2016-08-01,5053,toplam
Antalya,2016-09-01,4652,toplam
Antalya,2016-10-01,5654,toplam
Antalya,2016-11-01,5697,toplam
Antalya,2016-12-01,6120,toplam
Antalya,2017-01-01,4400,toplam
Antalya,2017-02-01,4753,toplam
Antalya,2017-03-01,5620,toplam
Antalya,2017-04-01,4878,toplam
Antalya,2017-05-01,5325,toplam
Antalya,2017-06-01,4314,toplam
Antalya,2017-07-01,4891,toplam
Antalya,2017-08-01,4577,toplam
Antalya,2017-09-01,5436,toplam
Antalya,2017-10-01,5478,toplam
Antalya,2017-11-01,5619,toplam
Antalya,2017-12-01,5977,toplam
Antalya,2018-01-01,4929,toplam
Antalya,2018-02-01,4708,toplam
Antalya,2018-03-01,5460,toplam
Antalya,2018-04-01,5067,toplam
Antalya,2018-05-01,5632,toplam
Antalya,2018-06-01,5430,toplam
Antalya,2018-07-01,5501,toplam
Antalya,2018-08-01,4665,toplam
Antalya,2018-09-01,5617,toplam
Antalya,2018-10-01,6596,toplam
Antalya,2018-11-01,4516,toplam
Antalya,2018-12-01,5986,toplam
Antalya,2019-01-01,3652,toplam
Antalya,2019-02-01,4031,toplam
Antalya,2019-03-01,5384,toplam
Antalya,2019-04-01,4783,toplam
Antalya,2019-05-01,5554,toplam
Antalya,2019-06-01,3458,toplam
Antalya,2019-07-01,4802,toplam
Antalya,2019-08-01,4912,toplam
Antalya,2019-09-01,6605,toplam
Antalya,2019-10-01,6964,toplam
Antalya,2019-11-01,6961,toplam
Antalya,2019-12-01,9754,toplam
Antalya,2020-01-01,6303,toplam
Antalya,2020-02-01,6489,toplam
Antalya,2020-03-01,5412,toplam
Antalya,2020-04-01,1849,toplam
Antalya,2020-05-01,2231,toplam
Antalya,2020-06-01,7738,toplam
Antalya,2020-07-01,8509,toplam
Antalya,2020-08-01,6203,toplam
Antalya,2020-09-01,5991,toplam
Antalya,2020-10-01,5065,toplam
Antalya,2020-11-01,5110,toplam
Antalya,2020-12-01,4711,toplam
Antalya,2021-01-01,3119,toplam
Antalya,2021-02-01,3766,toplam
Antalya,2021-03-01,5404,toplam
Antalya,2021-04-01,4558,toplam
Antalya,2021-05-01,2340,toplam
Antalya,2021-06-01,5928,toplam
Antalya,2021-07-01,5048,toplam
Antalya,2021-08-01,5625,toplam
Antalya,2021-09-01,6704,toplam
Antalya,2021-10-01,6623,toplam
Antalya,2021-11-01,8953,toplam
Antalya,2021-12-01,10421,toplam
Antalya,2022-01-01,4438,toplam
Antalya,2022-02-01,4829,toplam
Antalya,2022-03-01,6537,toplam
Antalya,2022-04-01,8315,toplam
Antalya,2022-05-01,6909,toplam
Antalya,2022-06-01,8235,toplam
Antalya,2022-07-01,4764,toplam
Antalya,2022-08-01,6280,toplam
Antalya,2022-09-01,6197,toplam
Antalya,2022-10-01,6545,toplam
Antalya,2022-11-01,8117,toplam
Antalya,2022-12-01,11497,toplam
Antalya,2023-01-01,5683,toplam
Antalya,2023-02-01,5027,toplam
Antalya,2023-03-01,6313,toplam
Antalya,2023-04-01,5044,toplam
Antalya,2023-05-01,6379,toplam
Antalya,2023-06-01,4599,toplam
Antalya,2023-07-01,5151,toplam
Antalya,2023-08-01,5881,toplam
Antalya,2023-09-01,5288,toplam
Antalya,2023-10-01,4851,toplam
Antalya,2023-11-01,5201,toplam
Antalya,2023-12-01,6854,toplam
Antalya,2024-01-01,5333,toplam
Antalya,2024-02-01,5149,toplam
Antalya,2024-03-01,5782,toplam
Antalya,2024-04-01,4490,toplam
Antalya,2024-05-01,6468,toplam
Antalya,2024-06-01,4396,toplam
Antalya,2024-07-01,6751,toplam
Antalya,2024-08-01,6425,toplam
Antalya,2024-09-01,6566,toplam
Antalya,2024-10-01,8073,toplam
Antalya,2024-11-01,8231,toplam
Antalya,2024-12-01,11031,toplam
Antalya,2025-01-01,6509,toplam
Antalya,2025-02-01,6546,toplam
Antalya,2025-03-01,6438,toplam
Antalya,2025-04-01,5936,toplam
Antalya,2025-05-01,6847,toplam
Antalya,2025-06-01,5723,toplam
Antalya,2025-07-01,7277,toplam
Antalya,2025-08-01,7077,toplam
Antalya,2025-09-01,7348,toplam
Antalya,2025-10-01,7717,toplam
Antalya,2025-11-01,7232,toplam
Antalya,2025-12-01,12989,toplam
Antalya,2026-01-01,5615,toplam
Antalya,2026-02-01,6169,toplam
Antalya,2026-03-01,5651,toplam
Antalya,2026-04-01,6165,toplam
